{"loss": [0.7769468426704407, 0.66810542345047], "accuracy": [0.5, 0.5]}